username	email	password	isAdmin
CharlieJones	charliejones@gmail.com	c270cc854f5a3530746e4368e3304a0f4f5d6296bcb96296006240257a0aea7c	1
DianaBrown	dianabrown@gmail.com	0d764d478f3e1bc5e2b106f8c2196ea950a3c467f139e1fd0e43bf24daa260d7	1
CharlieJohnson	charliejohnson@gmail.com	76bcc2ed17e28c0ada761e35cd7605980ffc837782460166a2e1285636b4780e	1
EdwardJohnson	edwardjohnson@gmail.com	bb5d2489c9f7876a6efc7352a4e40030de9ed5164e0cffc31d2edaf1e778dc8b	1
CharlieJones	charliejones@gmail.com	e796c07c819f55a54e2291835ee92c1c6663d7b7d820f3c26a082edf43cc1883	1
CharlieBrown	charliebrown@gmail.com	65b1d1c101fb08720eb1243e8aa530e6187229e38cee1b190c295de5b63e50e6	1
CharlieWilliams	charliewilliams@gmail.com	758da631d5dc724c0b496359c05c927dad3da1be7185925bc99bf8cf22e16f44	1
DianaJohnson	dianajohnson@gmail.com	7d27374b3800743e5ee80848bac5d94cc10466817b07667221fb7172cddfac2f	1
BobWilliams	bobwilliams@gmail.com	1bb4841e15f883e44aefc92b2c9479270c8cda18f236746f5842b2c558ec5aae	1
EdwardJohnson	edwardjohnson@gmail.com	0a5a61e791573eb5d20972187f0c667a518c7e6c97fb7ce217e7850067c9fa9f	1
BobJohnson	bobjohnson@gmail.com	56909f66610e3145fedd09bf17bffd1a71338113117b1d491d9a8fc53ebf2f1a	1
BobBrown	bobbrown@gmail.com	9e5f5430f1883b8f63ef7beca15fbc2e3da41f6af9ad081fe1b3e435857d9e97	1
CharlieSmith	charliesmith@gmail.com	681c67da8edcc4ef77f9e363218bc224d414e7fd300f755214343a7729b20f0b	1
EdwardBrown	edwardbrown@gmail.com	9ae0aa65fcacc57b25c81e490715c7288b26be5c13024b64893be5f4c74a3e3e	1
DianaJohnson	dianajohnson@gmail.com	458c2db7034f38c7163711f21159181ab6c4ce5f2d867b402ab0365946c8c4cd	1
AliceJohnson	alicejohnson@gmail.com	1bcbcd1d2c258e5590aed219ef77e8605a3c47b4d1d420996c8115b6e4b6b0a9	1
EdwardWilliams	edwardwilliams@gmail.com	774ddafaf91ffd7f327cf056c02a318465915b000e6a3e89af09180db0340aba	1
AliceJones	alicejones@gmail.com	28f15eb87b4bbde6335d3a60422999d1789188a6ba918f54b18b6bceed6c3833	1
EdwardBrown	edwardbrown@gmail.com	f19c5c2de49055b7e36e5a1b29871116708dc7ffdff9dbf24a63fa2c6369b851	1
DianaSmith	dianasmith@gmail.com	29cba5cf5462150ee8c80e8a62ec3f626e93cea1647c78119149748c056bb2fb	1
CharlieJohnson	charliejohnson@gmail.com	1e707ce0ec2867b4ad534bf8c2fee9369599e51da9e292d7efcb1125d34ec87e	1
AliceJohnson	alicejohnson@gmail.com	79b774a1abd5686cc98a144063ccd8a4471d1a11d293d6a7f2261c4c43bc190d	1
BobJohnson	bobjohnson@gmail.com	8c67489bcfa84423cf9c7b2ef728d560577b2bcbe5c6c4e147a1952131e5401d	1
CharlieWilliams	charliewilliams@gmail.com	2dff4fc447513ccb1168421cea5b26d04b3c29c44fdedd24f36d8b0004fa75a2	1
CharlieBrown	charliebrown@gmail.com	657351534f48d362ca3bbdf55ec03b1e0d7343de826f5c2e926fb547fe6be575	1
CharlieJones	charliejones@gmail.com	bae03aabd9190772d39b0d280259acf6f07edfa961e1fd2769f5d132892a96af	1
CharlieSmith	charliesmith@gmail.com	8adaec150283e14a85450f27653797c110734f7ebbb8ac03cc4cc1729664fbe9	1
BobJohnson	bobjohnson@gmail.com	0d4a7287a355a70b1451311ff1c9f53a692794d0b84bbdb76d017bd278e8c4f3	1
EdwardWilliams	edwardwilliams@gmail.com	1156de0c54c302d352ed7e4c5bd00aa93cd22db335a285603060ae77790ad353	1
CharlieJones	charliejones@gmail.com	5e79893254a79ef263f3212eca797191715e760436394403b1111574655f64f4	1
CharlieBrown	charliebrown@gmail.com	ae2579ba16a194385b0f876c91e44a81cf658d0c602d4f917bdaa40e23f5e2f2	1
EdwardSmith	edwardsmith@gmail.com	bc58ae048b34df9bcbd42f131271d00f9c1341c0c65294bed9da993fefd4a74a	1
BobJones	bobjones@gmail.com	0a87c1aca45185a6f80206d0c3c6cce8e645cb9b5abed5728200cb1b0df7f92d	1
EdwardBrown	edwardbrown@gmail.com	be820babbb2c58152038b5119fd5bb9672304dc46fb30280f2b84d9d13e24ce7	1
AliceJones	alicejones@gmail.com	cf2683436bedaf89678d0888e21299e1cbd7ca0b267d2b23e6e82c576374499b	1
EdwardWilliams	edwardwilliams@gmail.com	de7420cbb63f18186383fc2fcb15a88ac77dc9a6f7f836b5e3517ea39e2b10d1	1
DianaBrown	dianabrown@gmail.com	828c1f7302fc0d66155150ae0af97d79dbf2cf9b1ed685ca683cfcd93142c354	1
EdwardJones	edwardjones@gmail.com	04154d75be066055bd1ead31453abb63d2877ebce73b703a4dffcb4605dc3442	1
AliceBrown	alicebrown@gmail.com	399067f9536407b138ebcceb96ce3198ad037640e15da415832cc51ee77afb0f	1
AliceJones	alicejones@gmail.com	3d95d2f92e928404ca85609e083b654b2a8156f3bd971b07d74bdf43b314615b	1
CharlieBrown	charliebrown@gmail.com	a47c2b46de5fe56fea4b084ec6cdd7494257cd81155e86cbb6f9799542b09c04	1
AliceJones	alicejones@gmail.com	13722576898713b70153d6e553d7f0fb6e4c0e5b85c1357c2119d02fc33a534a	1
AliceBrown	alicebrown@gmail.com	bdb3159b93394107ee4cabe609637da71c01d596eeb9e41a97b5a04f6547ab9f	1
CharlieWilliams	charliewilliams@gmail.com	795c1e08ac08e445b814dd2e5649aed94d6790c5d55f305e6cd054e2c969d54a	1
BobBrown	bobbrown@gmail.com	9c8048fb92dfab8995a06239a42cc21852106d7873aec4bf37db6c1ec40a3393	1
AliceJones	alicejones@gmail.com	b355684921335cf8e81c9b08a51e44191aa47bed7236f0c149ef8ba0a5ace826	1
AliceJones	alicejones@gmail.com	f9d8207366fd16f1a8949abedfe9c62dc083232144ae869aabecbb193ffa6ef2	1
BobJones	bobjones@gmail.com	d8d713a725fcb54898fb0d9c2b97a63477ef2cebf4edcf7e1e82dc91c5652e70	1
AliceJones	alicejones@gmail.com	e3f821f47e4d9986ed66bf0063732cf931eaa4080c20c115e30a935eacce5cb0	1
CharlieJones	charliejones@gmail.com	571a87d0ee2cae560d6f178a051089685db2aa7dcb5f830db3b89c88d52d197d	1
EdwardSmith	edwardsmith@gmail.com	70db7854e60278f5300b0200f8afe928bec674179aa2fbdb93ca742fd05a1801	1
BobSmith	bobsmith@gmail.com	11bf3db7ceba5a6d57ecea47d456710d5d390b34ba8275c4fc47eaa3e90ef018	1
BobWilliams	bobwilliams@gmail.com	5f3ad55bcd614281441547277af7d46ba84df202b864073335c60bd1a673d6ef	1
CharlieSmith	charliesmith@gmail.com	6dd4a9919dacc37cdf7c6387131e2a5279baac98655e5eebdb7cb5c6e7b717e4	1
AliceJones	alicejones@gmail.com	9fbc710dbbee0ce0d8954edb974bbb3ed0afbaa1cd602a9f579549133bed42ba	1
DianaWilliams	dianawilliams@gmail.com	bf6068fd276f690506ce4778a68758458f18d8f9e9e53ff5ffb31d4e19aad8ec	1
BobJohnson	bobjohnson@gmail.com	6b7f24b13669a466538a8b19c01cb3f88e3f95f0f8724ad156c501595c1a33c2	1
BobJones	bobjones@gmail.com	4ba081daf3150ad5f61fae2e65fc1aad0cdcdd5272f90b735dcf2bdf73ae0bcb	1
EdwardJones	edwardjones@gmail.com	028a9f64ff5ff6480c479ee89f9112913fac6b8a027872b8d842074ff2d1f7cb	1
EdwardJones	edwardjones@gmail.com	64f13164498810b48a6db515bd3353f8ff96ef52e3a86188e52ac5f442390b28	1
DianaWilliams	dianawilliams@gmail.com	483dd7adae9b3941bbd2c199a6832aff1c066585a129d435ac621b96d4e51004	1
BobWilliams	bobwilliams@gmail.com	36672c840cf4b06fbe9f598333961ad60c6a472f798dfd1bdea570d4d66926be	1
DianaBrown	dianabrown@gmail.com	a30e78191956e16bc28ea990bdafd88747b0fb88bceed5b32e9f4909ef853c2c	1
DianaJohnson	dianajohnson@gmail.com	e917879192f0560a3b94517dc3d83c00e61b4f67a95a15fd122ba5eedbeaa458	1
CharlieJohnson	charliejohnson@gmail.com	e7c536c947419aa11161b99bc54cf8bc78b77ffe8921f4165996d38a0577d3a2	1
DianaJones	dianajones@gmail.com	d1a95a33c6ec1ea3b5e9531d43d69ef2f90821ea4522905d53633dbdc007f72c	1
BobWilliams	bobwilliams@gmail.com	7c1aade3c99cc6a8eff0291730fdec8c01f36d22e3ae35d8fde7318770322ba3	1
AliceBrown	alicebrown@gmail.com	abedb12e1fd812cd2dc574ba0bda3f5aa32a589e56ae32ca52f23cc162eddc68	1
EdwardJohnson	edwardjohnson@gmail.com	3803dc8cbb3e7f616dd728d6b9107250dad70c21e083468d1a7f05bd27f98c67	1
EdwardWilliams	edwardwilliams@gmail.com	1e74de68fb37d3ee419b91d0739d1a01fc4a9fabd34e64f0efbe7a9f4a4ff430	1
DianaBrown	dianabrown@gmail.com	52342b2453ed27af93eef3ab982c8a0e151b1e6f083ee3ad8c7223b95040c354	1
CharlieJones	charliejones@gmail.com	dfb6dcabe9076c3a8736b3b2281793022399d9343b5f64fd76f47a356c84721c	1
CharlieWilliams	charliewilliams@gmail.com	8d8d52d412087a7c323246b3ad2e2b25247778a821c97f05a9aa5c2b34d122cb	1
BobBrown	bobbrown@gmail.com	32d9964460df24088debb94575316cd3c72e7e0edb9e3ba9b6d0a4b95c0c3afb	1
BobJones	bobjones@gmail.com	f9d8b6767585818c8bd03f20f5e0ded7b5b3cffd0b1b4a58584baba046da3d5d	1
BobSmith	bobsmith@gmail.com	106b79ecbc55ba5663c290d11c7ffa70e872381d23fd2b71747ed5c4755838b1	1
DianaBrown	dianabrown@gmail.com	7e3413fea884c6c0cacc0f5805ed82df66835529b5b808b8724ed5b57a765666	1
BobBrown	bobbrown@gmail.com	2d97b021bd752412d0dce9268b8cb2b0c32dcb6aafef04b99ae003fa244717fc	1
AliceSmith	alicesmith@gmail.com	39d2bf9c7ab05be11922b33e9baa06b2cff355b8644078dc6e58c05bbbd0230c	1
EdwardJohnson	edwardjohnson@gmail.com	1b3b815b102277cc6b34d76a89e50e18fd22fbef2e76ac1243ffb19e3fd7e358	1
CharlieJones	charliejones@gmail.com	75f046eccd08eeed2a98f14b219a3618696fd11c394ee286e177e69884f4d29a	1
CharlieSmith	charliesmith@gmail.com	92803b83cf551a72c354241177d8a0b54c71d1efd96582a0ceb580f7e95d3c9b	1
EdwardJones	edwardjones@gmail.com	69e79a681e1cc2af157d972b4a4ee44ecf5488b43d8b838ede7174b5183c1531	1
DianaSmith	dianasmith@gmail.com	8932c37f2577af1f7dd81e202aa4ea1a17ac3fd6c4e613c8efd33ef4d4ada470	1
DianaJones	dianajones@gmail.com	d4a42c16ad49a4bf64828609608721bc0ec070d4022e5d9781ae815d21dcb1d7	1
BobWilliams	bobwilliams@gmail.com	9e762a54ff7d2dcd0e44c05ea36e5f49fce2feded5742d8d273152e3e5ee066a	1
EdwardBrown	edwardbrown@gmail.com	06c2f507bce9ceac6fc8cf3e3f2dbcb46485a6a037df98d1051860c6ce311f4d	1
CharlieBrown	charliebrown@gmail.com	217fe935bc71b301b5479945902eade9d2a3c93875afdaaad8c719a424cccd6c	1
AliceSmith	alicesmith@gmail.com	879de02f46ba15db1ba7e5b8a805f668bc0199211a5d8929bfe72e2eeeeff197	1
AliceJohnson	alicejohnson@gmail.com	ceaabd318694c16f2769161935600a565fb174ffd6a8c39dda9b588ef6eb64d3	1
BobWilliams	bobwilliams@gmail.com	68b61bc5be5a8b14b7fc7f024f4d51e6f4ba72d5905cd2de9c20f01711d40b8d	1
BobSmith	bobsmith@gmail.com	7d91b0f1030bfd47e3d372a18a5bd5b61bd025a0106b49bde2fffbb7eadbdbb0	1
DianaJones	dianajones@gmail.com	d8c2d54a2a660404b5979a5853d58e57ce9320fb1c939033e19dff903af3ff47	1
AliceWilliams	alicewilliams@gmail.com	187aae755690e56389f1715db6d1511f2bb98ce3f118c0c0615afc1642345b3f	1
CharlieJohnson	charliejohnson@gmail.com	da91048c85c06866fe20ce1aa52fde954d0d5f14d0fed5d7bb904b77a1c4a6d4	1
AliceJohnson	alicejohnson@gmail.com	ac448340ee3da965f71a56cca89e3dbfbb15d6e174522c7dd1bb99e1c03c1691	1
AliceBrown	alicebrown@gmail.com	2de8597910f027168688639a7bd1e2d53207864ba2baff98e4deb9f359d6c462	1
DianaJohnson	dianajohnson@gmail.com	2a56ff2fff5d099a344d8323a921ab81275fa8b7219dab2f8f300f26193dec4a	1
AliceJohnson	alicejohnson@gmail.com	68452f365b7d7a2d932ba27dd0a696d671388cf6d81ecb11db9bc5dffdecaf27	1
DianaBrown	dianabrown@gmail.com	4b3e6083d802a33670ea69a2ac66d9cd655f4c6d1276f0634c6938ba88547026	1
